{
  "train_losses": [
    6.12999165187671,
    4.714217895234234,
    3.9362917269138546,
    3.5093784558036543,
    3.2393994950167477,
    3.043804439170432,
    2.900932182402612,
    2.797635160740471,
    2.7159850442679687,
    2.6542342416028433
  ],
  "val_losses": [
    5.245362452098301,
    4.091010246958051,
    3.418715442929949,
    3.0716074534824918,
    2.8270710366112843,
    2.6668963772909984,
    2.5695512294769287,
    2.4828909635543823,
    2.418490852628435,
    2.367132067680359
  ],
  "val_bleus": [
    0.7940505788004275,
    6.75939354278511,
    12.166440359966778,
    16.00442987897953,
    17.999743286892524,
    20.269860260868334,
    20.870988363867376,
    21.199101315811728,
    22.05843724436127,
    22.723188172892634
  ],
  "test_bleu": 23.157875790563526,
  "test_loss": 2.3505518858827004,
  "best_val_bleu": 22.723188172892634,
  "learning_rates": [
    0.0007957575268283086,
    0.0007786990719427629,
    0.0006358051298128593,
    0.0005506233942743989,
    0.0004924925358396898,
    0.00044958211880386596,
    0.00041623216208695025,
    0.00038934953597138147,
    0.00036708226284959926,
    0.00034824481177600345
  ]
}